Workbook

Sheet הוראות
B2: שאלון מיפוי עצמי: מיינדסט עני מול מיינדסט עשיר
B3: "The other side of the coin"
B5: איך ממלאים?
B6: בלשונית "שאלון", כל שורה מציגה שני ניסוחים מנוגדים: מימין ניסוח של מיינדסט עני, משמאל ניסוח של מיינדסט עשיר.
B7: ביניהם יש סקאלה של חמש משבצות. סמנו משבצת אחת (בחרו ✗ מהרשימה הנפתחת) לפי המיקום שמתאר אתכם:
B8: המשבצת הימנית = מתחבר/ת לחלוטין לניסוח העני · האמצעית = שילוב · השמאלית = מתחבר/ת לחלוטין לניסוח העשיר.
B9: אין מספרים על הסקאלה בכוונה – פשוט סמנו לאן אתם נוטים. שני הצדדים מוצגים שווה, אין תשובה "נכונה".
B11: איפה רואים את התוצאה?
B12: בלשונית "תוצאות" יחושבו אוטומטית ממוצע לכל קטגוריה, ציון כולל, ושני גרפים. בלשונית השאלון עצמה אין ציונים – רק הסימון.
B13: 1.0–2.0 → מיינדסט עני דומיננטי | 2.1–3.0 → נטייה לעני | 3.1–4.0 → נטייה לעשיר | 4.1–5.0 → עשיר דומיננטי
B15: טיפ: התמקדו בקטגוריות עם הציון הנמוך ביותר – שם הפוטנציאל הגדול ביותר לצמיחה.

Sheet שאלון
A1: שאלון מיפוי עצמי – מיינדסט עני מול מיינדסט עשיר
A2: סמנו ✗ במשבצת אחת בכל שורה. ימין = מתחבר/ת לעני · אמצע = שילוב · שמאל = מתחבר/ת לעשיר
A3: מיינדסט עני | B3: עני מאוד | C3: עני | D3: באמצע | E3: עשיר | F3: עשיר מאוד | G3: מיינדסט עשיר
A4: 1. תפיסה עצמית ומקור הפרנסה
A5: "אני איש/אשת מקצוע" – הכסף שלי מגיע מהמקצוע שלי. | G5: "אני בעל/ת עסק" – הכסף שלי מגיע מהעסק ומהנכסים שלי.
A6: חשוב לי ללמוד איך כותבים קורות חיים ומתכוננים לראיון עבודה. | G6: חשוב לי ללמוד איך כותבים תוכנית עסקית, מגייסים משקיעים ורוכשים חברות.
A7: השאיפה שלי היא להתקדם בסולם הדרגות. | G7: השאיפה שלי היא לשלוט בסולם / לבנות משהו משלי.
A8: 2. השכלה והשקעה עצמית
A9: משקיע/ה בהשכלה המקצועית שלי, אבל פחות בעצמי ובידע על כסף. | G9: משקיע/ה בעצמי, בחינוך הפיננסי ובמיומנויות של כסף וניהול.
A10: 3. זמן מול כסף
A11: "הזמן שלי שווה כסף" – אני מחליף/ה זמן בכסף (מוכר/ת שעות). | G11: "הזמן שלי יקר מכסף" – אני מחליף/ה זמן ביצירת נכסים והכנסה פאסיבית.
A12: 4. צמיחה ולמידה
A13: בתחומים שאני מכיר/ה אני כבר יודע/ת מספיק, אין הרבה מה ללמוד. | G13: תמיד יש לי מה ללמוד – "His cup is never full".
A14: כשמשהו לא מצליח, כנראה שזה פשוט לא בשבילי. | G14: כשמשהו לא מצליח, אני בודק/ת מה לשנות בעצמי.
A15: 5. תודעת שפע מול מחסור
A16: כמות הכסף בעולם מוגבלת – אם אחד מרוויח, אחר מפסיד. | G16: יש שפע והזדמנויות לכולם – הכסף גדל ככל שיש יותר שחקנים.
A17: "אני לא יכול/ה להרשות לעצמי את זה". | G17: "איך אוכל להרשות לעצמי את זה?".
A18: כשמגיעה הזדמנות אני חשדן/ית ונרתע/ת. | G18: כשמגיעה הזדמנות אני פועל/ת ומנצל/ת אותה.
A19: 6. תפקיד הכסף – שמירה מול יצירה
A20: כסף נועד בעיקר להישמר ולהיחסך. | G20: כסף נועד לזרום, להיות מושקע ולבנות.
A21: 7. אסטרטגיה: הגנה מול התקפה
A22: משחק/ת "הגנה" – לא רוצה להפסיד, נמנע/ת מסיכונים, משחק/ת בטוח. | G22: משחק/ת "התקפה" – רוצה לנצח, לוקח/ת סיכונים מחושבים.
A23: פועל/ת לפי מה שכולם עושים ומתייעץ/ת עם הסביבה. | G23: פועל/ת מתוך ידע ולמידה עצמאית (בד"כ הפוך מהרוב).
A24: 8. אחריות ושליטה
A25: ההצלחה הכלכלית שלי תלויה בגורמים שאין לי שליטה עליהם. | G25: ההצלחה הכלכלית שלי תלויה בעיקר בי.
A26: כשמשהו משתבש אני מחפש/ת את הסיבה החיצונית / האשם. | G26: כשמשהו משתבש אני לוקח/ת אחריות ומחפש/ת מה לשנות.
A27: 9. תגמול לפי ערך
A28: מעדיף/ה שכר קבוע לפי זמן ושעות. | G28: מעדיף/ה תגמול לפי הערך והתוצאות שאני מביא/ה.
A29: 10. ערך עצמי וביטחון
A30: לא תמיד בטוח/ה ביכולות שלי ובתוצאות שאוכל להשיג. | G30: בטוח/ה ביכולות שלי ובתוצאות שאני מסוגל/ת להשיג.
A31: הביטחון שלי נשען על המקצוע / התואר שלי. | G31: הביטחון שלי נשען על היכולות שלי.
A32: 11. מיקוד ביעד מול פחד מכישלון
A33: פחד מכישלון עוצר אותי – אפעל רק כשהכול מושלם. | G33: מתמקד/ת ביעד, יוצא/ת לדרך גם כשלא הכול מושלם.
A34: ניתוח יתר נוטה לשתק אותי (analysis paralysis). | G34: הניתוח עוזר לי לבחור, להבין סיכונים ולפעול.
A35: 12. חשיבה בגדול (כמויות)
A36: חושב/ת ועובד/ת בקטן, בעיקר "אחד על אחד". | G36: חושב/ת בגדול, מחפש/ת להגדיל את הכמות וההשפעה.
A37: 13. סביבה ורגשות כלפי עשירים
A38: כלפי אנשים עשירים אני נוטה להרגיש כעס / קנאה / ביקורת. | G38: כלפי אנשים עשירים אני מרגיש/ה הערצה והשראה.
A39: נוח לי בסביבה של אנשים עם מיינדסט דומה לשלי. | G39: שואף/ת להקיף את עצמי באנשים שהגיעו לאן שאני רוצה.

Sheet חישוב
A1: שורת שאלון | B1: ציון (1-5)
A2: 5 | B2: =IF(COUNTA(שאלון!B5:F5)=0,"",1*(שאלון!B5<>"")+2*(שאלון!C5<>"")+3*(שאלון!D5<>"")+4*(שאלון!E5<>"")+5*(שאלון!F5<>""))
A3: 6 | B3: =IF(COUNTA(שאלון!B6:F6)=0,"",1*(שאלון!B6<>"")+2*(שאלון!C6<>"")+3*(שאלון!D6<>"")+4*(שאלון!E6<>"")+5*(שאלון!F6<>""))
A4: 7 | B4: =IF(COUNTA(שאלון!B7:F7)=0,"",1*(שאלון!B7<>"")+2*(שאלון!C7<>"")+3*(שאלון!D7<>"")+4*(שאלון!E7<>"")+5*(שאלון!F7<>""))
A5: 9 | B5: =IF(COUNTA(שאלון!B9:F9)=0,"",1*(שאלון!B9<>"")+2*(שאלון!C9<>"")+3*(שאלון!D9<>"")+4*(שאלון!E9<>"")+5*(שאלון!F9<>""))
A6: 11 | B6: =IF(COUNTA(שאלון!B11:F11)=0,"",1*(שאלון!B11<>"")+2*(שאלון!C11<>"")+3*(שאלון!D11<>"")+4*(שאלון!E11<>"")+5*(שאלון!F11<>""))
A7: 13 | B7: =IF(COUNTA(שאלון!B13:F13)=0,"",1*(שאלון!B13<>"")+2*(שאלון!C13<>"")+3*(שאלון!D13<>"")+4*(שאלון!E13<>"")+5*(שאלון!F13<>""))
A8: 14 | B8: =IF(COUNTA(שאלון!B14:F14)=0,"",1*(שאלון!B14<>"")+2*(שאלון!C14<>"")+3*(שאלון!D14<>"")+4*(שאלון!E14<>"")+5*(שאלון!F14<>""))
A9: 16 | B9: =IF(COUNTA(שאלון!B16:F16)=0,"",1*(שאלון!B16<>"")+2*(שאלון!C16<>"")+3*(שאלון!D16<>"")+4*(שאלון!E16<>"")+5*(שאלון!F16<>""))
A10: 17 | B10: =IF(COUNTA(שאלון!B17:F17)=0,"",1*(שאלון!B17<>"")+2*(שאלון!C17<>"")+3*(שאלון!D17<>"")+4*(שאלון!E17<>"")+5*(שאלון!F17<>""))
A11: 18 | B11: =IF(COUNTA(שאלון!B18:F18)=0,"",1*(שאלון!B18<>"")+2*(שאלון!C18<>"")+3*(שאלון!D18<>"")+4*(שאלון!E18<>"")+5*(שאלון!F18<>""))
A12: 20 | B12: =IF(COUNTA(שאלון!B20:F20)=0,"",1*(שאלון!B20<>"")+2*(שאלון!C20<>"")+3*(שאלון!D20<>"")+4*(שאלון!E20<>"")+5*(שאלון!F20<>""))
A13: 22 | B13: =IF(COUNTA(שאלון!B22:F22)=0,"",1*(שאלון!B22<>"")+2*(שאלון!C22<>"")+3*(שאלון!D22<>"")+4*(שאלון!E22<>"")+5*(שאלון!F22<>""))
A14: 23 | B14: =IF(COUNTA(שאלון!B23:F23)=0,"",1*(שאלון!B23<>"")+2*(שאלון!C23<>"")+3*(שאלון!D23<>"")+4*(שאלון!E23<>"")+5*(שאלון!F23<>""))
A15: 25 | B15: =IF(COUNTA(שאלון!B25:F25)=0,"",1*(שאלון!B25<>"")+2*(שאלון!C25<>"")+3*(שאלון!D25<>"")+4*(שאלון!E25<>"")+5*(שאלון!F25<>""))
A16: 26 | B16: =IF(COUNTA(שאלון!B26:F26)=0,"",1*(שאלון!B26<>"")+2*(שאלון!C26<>"")+3*(שאלון!D26<>"")+4*(שאלון!E26<>"")+5*(שאלון!F26<>""))
A17: 28 | B17: =IF(COUNTA(שאלון!B28:F28)=0,"",1*(שאלון!B28<>"")+2*(שאלון!C28<>"")+3*(שאלון!D28<>"")+4*(שאלון!E28<>"")+5*(שאלון!F28<>""))
A18: 30 | B18: =IF(COUNTA(שאלון!B30:F30)=0,"",1*(שאלון!B30<>"")+2*(שאלון!C30<>"")+3*(שאלון!D30<>"")+4*(שאלון!E30<>"")+5*(שאלון!F30<>""))
A19: 31 | B19: =IF(COUNTA(שאלון!B31:F31)=0,"",1*(שאלון!B31<>"")+2*(שאלון!C31<>"")+3*(שאלון!D31<>"")+4*(שאלון!E31<>"")+5*(שאלון!F31<>""))
A20: 33 | B20: =IF(COUNTA(שאלון!B33:F33)=0,"",1*(שאלון!B33<>"")+2*(שאלון!C33<>"")+3*(שאלון!D33<>"")+4*(שאלון!E33<>"")+5*(שאלון!F33<>""))
A21: 34 | B21: =IF(COUNTA(שאלון!B34:F34)=0,"",1*(שאלון!B34<>"")+2*(שאלון!C34<>"")+3*(שאלון!D34<>"")+4*(שאלון!E34<>"")+5*(שאלון!F34<>""))
A22: 36 | B22: =IF(COUNTA(שאלון!B36:F36)=0,"",1*(שאלון!B36<>"")+2*(שאלון!C36<>"")+3*(שאלון!D36<>"")+4*(שאלון!E36<>"")+5*(שאלון!F36<>""))
A23: 38 | B23: =IF(COUNTA(שאלון!B38:F38)=0,"",1*(שאלון!B38<>"")+2*(שאלון!C38<>"")+3*(שאלון!D38<>"")+4*(שאלון!E38<>"")+5*(שאלון!F38<>""))
A24: 39 | B24: =IF(COUNTA(שאלון!B39:F39)=0,"",1*(שאלון!B39<>"")+2*(שאלון!C39<>"")+3*(שאלון!D39<>"")+4*(שאלון!E39<>"")+5*(שאלון!F39<>""))

Sheet תוצאות
A1: סיכום תוצאות לפי קטגוריה
A2: קטגוריה | B2: ממוצע | C2: פירוש
A3: 1. תפיסה עצמית ומקור הפרנסה | B3: =IF(COUNT(חישוב!B2:B4)=0,"",ROUND(AVERAGE(חישוב!B2:B4),2)) | C3: =IF(B3="","-",IF(B3<=2,"עני דומיננטי",IF(B3<=3,"נטייה לעני",IF(B3<=4,"נטייה לעשיר","עשיר דומיננטי")))) -> -
A4: 2. השכלה והשקעה עצמית | B4: =IF(COUNT(חישוב!B5)=0,"",ROUND(AVERAGE(חישוב!B5),2)) | C4: =IF(B4="","-",IF(B4<=2,"עני דומיננטי",IF(B4<=3,"נטייה לעני",IF(B4<=4,"נטייה לעשיר","עשיר דומיננטי")))) -> -
A5: 3. זמן מול כסף | B5: =IF(COUNT(חישוב!B6)=0,"",ROUND(AVERAGE(חישוב!B6),2)) | C5: =IF(B5="","-",IF(B5<=2,"עני דומיננטי",IF(B5<=3,"נטייה לעני",IF(B5<=4,"נטייה לעשיר","עשיר דומיננטי")))) -> -
A6: 4. צמיחה ולמידה | B6: =IF(COUNT(חישוב!B7:B8)=0,"",ROUND(AVERAGE(חישוב!B7:B8),2)) | C6: =IF(B6="","-",IF(B6<=2,"עני דומיננטי",IF(B6<=3,"נטייה לעני",IF(B6<=4,"נטייה לעשיר","עשיר דומיננטי")))) -> -
A7: 5. תודעת שפע מול מחסור | B7: =IF(COUNT(חישוב!B9:B11)=0,"",ROUND(AVERAGE(חישוב!B9:B11),2)) | C7: =IF(B7="","-",IF(B7<=2,"עני דומיננטי",IF(B7<=3,"נטייה לעני",IF(B7<=4,"נטייה לעשיר","עשיר דומיננטי")))) -> -
A8: 6. תפקיד הכסף – שמירה מול יצירה | B8: =IF(COUNT(חישוב!B12)=0,"",ROUND(AVERAGE(חישוב!B12),2)) | C8: =IF(B8="","-",IF(B8<=2,"עני דומיננטי",IF(B8<=3,"נטייה לעני",IF(B8<=4,"נטייה לעשיר","עשיר דומיננטי")))) -> -
A9: 7. אסטרטגיה: הגנה מול התקפה | B9: =IF(COUNT(חישוב!B13:B14)=0,"",ROUND(AVERAGE(חישוב!B13:B14),2)) | C9: =IF(B9="","-",IF(B9<=2,"עני דומיננטי",IF(B9<=3,"נטייה לעני",IF(B9<=4,"נטייה לעשיר","עשיר דומיננטי")))) -> -
A10: 8. אחריות ושליטה | B10: =IF(COUNT(חישוב!B15:B16)=0,"",ROUND(AVERAGE(חישוב!B15:B16),2)) | C10: =IF(B10="","-",IF(B10<=2,"עני דומיננטי",IF(B10<=3,"נטייה לעני",IF(B10<=4,"נטייה לעשיר","עשיר דומיננטי")))) -> -
A11: 9. תגמול לפי ערך | B11: =IF(COUNT(חישוב!B17)=0,"",ROUND(AVERAGE(חישוב!B17),2)) | C11: =IF(B11="","-",IF(B11<=2,"עני דומיננטי",IF(B11<=3,"נטייה לעני",IF(B11<=4,"נטייה לעשיר","עשיר דומיננטי")))) -> -
A12: 10. ערך עצמי וביטחון | B12: =IF(COUNT(חישוב!B18:B19)=0,"",ROUND(AVERAGE(חישוב!B18:B19),2)) | C12: =IF(B12="","-",IF(B12<=2,"עני דומיננטי",IF(B12<=3,"נטייה לעני",IF(B12<=4,"נטייה לעשיר","עשיר דומיננטי")))) -> -
A13: 11. מיקוד ביעד מול פחד מכישלון | B13: =IF(COUNT(חישוב!B20:B21)=0,"",ROUND(AVERAGE(חישוב!B20:B21),2)) | C13: =IF(B13="","-",IF(B13<=2,"עני דומיננטי",IF(B13<=3,"נטייה לעני",IF(B13<=4,"נטייה לעשיר","עשיר דומיננטי")))) -> -
A14: 12. חשיבה בגדול (כמויות) | B14: =IF(COUNT(חישוב!B22)=0,"",ROUND(AVERAGE(חישוב!B22),2)) | C14: =IF(B14="","-",IF(B14<=2,"עני דומיננטי",IF(B14<=3,"נטייה לעני",IF(B14<=4,"נטייה לעשיר","עשיר דומיננטי")))) -> -
A15: 13. סביבה ורגשות כלפי עשירים | B15: =IF(COUNT(חישוב!B23:B24)=0,"",ROUND(AVERAGE(חישוב!B23:B24),2)) | C15: =IF(B15="","-",IF(B15<=2,"עני דומיננטי",IF(B15<=3,"נטייה לעני",IF(B15<=4,"נטייה לעשיר","עשיר דומיננטי")))) -> -
A16: ציון כולל | B16: =IF(COUNT(חישוב!B2:B24)=0,"",ROUND(AVERAGE(חישוב!B2:B24),2)) | C16: =IF(B16="","-",IF(B16<=2,"עני דומיננטי",IF(B16<=3,"נטייה לעני",IF(B16<=4,"נטייה לעשיר","עשיר דומיננטי")))) -> -
